P001;Protector Auditivo Ref.748;88358
P002;Overol Industrial;18489
P003;Pantalón Industrial;81742
P004;Camiseta;170994
P005;Coderas Econ;165926
P006;Botas Pro;147998
P007;Rodilleras Pro;119323
P008;Rodilleras Pro;115532
P009;Protector Auditivo Ref.909;31003
P010;Guantes Ref.126;146634
P011;Coderas Ref.541;129238
P012;Protector Auditivo Ref.587;217665
P013;Chaqueta Industrial;200408
P014;Arnés Industrial;114185
P015;Pantalón Econ;10206
P016;Cinturón Econ;42885
P017;Coderas Ref.364;229090
P018;Maletín Industrial;105880
P019;Gafas Econ;91491
P020;Linterna;73763
P021;Cinturón Industrial;15502
P022;Capucha Ref.293;61282
P023;Guantes Ref.356;118573
P024;Guantes Industrial;68722
P025;Coderas;96113
P026;Casco Ref.497;141107
P027;Maletín Econ;126628
P028;Casco;160977
P029;Impermeable Ref.419;39316
P030;Linterna;26931
P031;Protector Auditivo Pro;182696
P032;Coderas;117653
P033;Coderas Ref.186;32691
P034;Guantes Industrial;23937
P035;Coderas Industrial;216595
P036;Impermeable Ref.642;218911
P037;Cinturón Ref.409;81073
P038;Overol Ref.179;62254
P039;Cinturón Pro;212739
P040;Gafas Industrial;53930
P041;Maletín Ref.229;147864
P042;Arnés Pro;164341
P043;Camisa Industrial;232057
P044;Guantes Econ;188171
P045;Pechera Ref.311;163404
P046;Pechera Pro;64669
P047;Linterna Econ;58078
P048;Chaqueta;109865
P049;Capucha Pro;247084
P050;Mascarilla Industrial;72754