CE;10330606;Paula;Castro Hernández
NIT;1682322;María Jorge;Torres Hernández
CE;100459168;Lucía;Castro
NIT;1000256721;María;García
NIT;100855741;Valentina Sebastián;Díaz
CE;100641151;Luis Laura;Castro Hernández
CE;100939030;Andrés;Vargas
NIT;1000671308;Camila;Moreno
CE;1000974046;Andrés;Díaz
NIT;100981745;Jorge Felipe;Moreno
CE;1569379;Andrés Daniela;Torres
NIT;1000127188;Andrés;Moreno García
NIT;1000773693;Carlos Lucía;Hernández Gómez
NIT;1000621675;Ana;Rodríguez Rodríguez
CE;1000845174;Sofía Carolina;Gómez Rojas